{"intercept": [-18.772889284698188], "coefficients": [[1.7200359793694517, 1.1039592569313894, 0.5087140973319682, 0.23352626068552046, 0.20809529368761245]], "classes": [0, 1], "accuracy": 0.845}